Feature ID,Feature Name,Cluster 1 Mean Counts,Cluster 1 Log2 fold change,Cluster 1 Adjusted p value,Cluster 2 Mean Counts,Cluster 2 Log2 fold change,Cluster 2 Adjusted p value
ENSG00000069431,ABCC9,0.32038628002809594,2.439931883365996,0,0.059027561213264676,-2.439931883365996,0
ENSG00000123612,ACVR1C,0.4393287322005598,-1.0139670919982888,0.000000000000000000000000000000000000000000000000000000000000000000000000000000000000000000000000000000000000000000000000000000000000000000000000000000000000000000000000000000000000000000000000000000000000000000000000000000000000000000000000000000000013026567395804123,0.8872316489074095,1.0139670919982888,0.000000000000000000000000000000000000000000000000000000000000000000000000000000000000000000000000000000000000000000000000000000000000000000000000000000000000000000000000000000000000000000000000000000000000000000000000000000000000000000000000000000000013026567395804123
ENSG00000151388,ADAMTS12,0.03063900565161457,-0.08247479048281647,0.31095138898350905,0.032446759904174456,0.08247479048281647,0.3109513889838308
ENSG00000145536,ADAMTS16,0.014327043340414456,0.7918053342569396,0.00000000007381341347745877,0.008268620602664872,-0.7918053342569396,0.00000000007381341347745877
ENSG00000156140,ADAMTS3,0.02529499303796087,-0.5384628579701056,0.000000000000000023479784932735285,0.03675423503488207,0.5384628579701056,0.000000000000000023479784932735285
ENSG00000197381,ADARB1,0.7296358555175192,-0.3993280760951312,0.00000000000000000000000000000000000000000000000000000000048900213408138435,0.9623202480452222,0.3993280760951312,0.00000000000000000000000000000000000000000000000000000000048900213408138435
ENSG00000141433,ADCYAP1,0.6815651896737485,-0.6593194446228307,0.0000000000000000000000000000000000000000000000000000000000000000000000000000000000000000000000000000000000000000000000000000004735844545742303,1.0764358706034662,0.6593194446228307,0.0000000000000000000000000000000000000000000000000000000000000000000000000000000000000000000000000000000000000000000000000000004735844545703538
ENSG00000120907,ADRA1A,0.5888083993081877,0.6132012270320814,0.000000000000000000000000000000000000000000000000000000000000000000000000000000000000000000000000000000000000000000007347237326270707,0.3849237700973545,-0.6132012270320814,0.000000000000000000000000000000000000000000000000000000000000000000000000000000000000000000000000000000000000000000007347237326484541
ENSG00000170214,ADRA1B,0.040309123714416514,-0.6376179292515243,0.0000000000000000000000000000000004877664019170618,0.06272895944115915,0.6376179292515243,0.000000000000000000000000000000000487766401917956
ENSG00000159723,AGRP,0.017049945005466582,-1.986478543016378,0.00000000000000000000000000000000000000000000000000000000000000000000000000000000000000000000000000000000000000000000000000000000000000000000000000000000000000000000000000000000000000000000000000000017571150493641942,0.06764251147467991,1.986478543016378,0.00000000000000000000000000000000000000000000000000000000000000000000000000000000000000000000000000000000000000000000000000000000000000000000000000000000000000000000000000000000000000000000000000000017571150493641942
ENSG00000204472,AIF1,1.0022313941720833,1.6335632469374834,0,0.3229956979920555,-1.6335632469374834,0
ENSG00000171094,ALK,0.15652867422182828,-1.9215939209903217,0,0.5930678950063215,1.9215939209903217,0
ENSG00000189292,ALKAL2,0.0581224990932622,-0.7313949810791316,0.00000000000000000000000000000000000000000000012341960964792995,0.09651774677299127,0.7313949810791316,0.00000000000000000000000000000000000000000000012341960964770544
ENSG00000154188,ANGPT1,0.22401591922854078,0.39671734525056657,0.000000000000000000000000000006754071035952207,0.1701560904647868,-0.39671734525056657,0.000000000000000000000000000006754071035878493
ENSG00000029534,ANK1,0.17876994576627273,-0.7931968393112612,0.0000000000000000000000000000000000000000000000000000000000000000000000000000000000000000000000000000000000000000000000000000000000000000000007746342528915807,0.3098135253558699,0.7931968393112612,0.0000000000000000000000000000000000000000000000000000000000000000000000000000000000000000000000000000000000000000000000000000000000000000000007746342528915807
ENSG00000180071,ANKRD18A,0.16851453108388015,-0.7666543476305967,0.0000000000000000000000000000000000000000000000000000000000000000000000000000000000000000000000000000000000000000000000000001727442223204822,0.2867176662379552,0.7666543476305967,0.0000000000000000000000000000000000000000000000000000000000000000000000000000000000000000000000000000000000000000000000000001727442223204822
ENSG00000189127,ANKRD34B,0.7749072766588998,-1.1098421656019664,0,1.6724475677091657,1.1098421656019664,0
ENSG00000134343,ANO3,0.1735277238690696,-0.6125430911215513,0.000000000000000000000000000000000000000000000000000000000000000000000000005951942104767908,0.2653318098101204,0.6125430911215513,0.000000000000000000000000000000000000000000000000000000000000000000000000005951942104773321
ENSG00000135046,ANXA1,0.33209221241990877,2.5913105933350167,0,0.05508806134497932,-2.5913105933350167,0
ENSG00000130203,APOE,25.09164063417179,1.565967150725843,0,8.474686749621336,-1.565967150725843,0
ENSG00000142192,APP,10.135021712510701,-0.8951433455728948,0,18.849013323092077,0.8951433455728948,0
ENSG00000171885,AQP4,16.76706860445051,1.9013784112018728,0,4.4883025037826485,-1.9013784112018728,0
ENSG00000169083,AR,0.34354366802059527,-0.930366615800146,0.00000000000000000000000000000000000000000000000000000000000000000000000000000000000000000000000000000000000000000000000000000000000000000000000000000000000000000000000000000000000000000000000000000000000000000000000000000000000000000005442452100293733,0.6547362198675577,0.930366615800146,0.00000000000000000000000000000000000000000000000000000000000000000000000000000000000000000000000000000000000000000000000000000000000000000000000000000000000000000000000000000000000000000000000000000000000000000000000000000000000000000005442452100244234
ENSG00000138639,ARHGAP24,0.540457808994178,-0.30472591737820454,0.000000000000000000000000000023170018779937648,0.6675720628449929,0.30472591737820454,0.00000000000000000000000000002317001877947437
ENSG00000064270,ATP2C2,0.5133051353809946,0.7866918797243052,0.00000000000000000000000000000000000000000000000000000000000000000000000000000000000000000000000000000000000000000000000000003519718271339489,0.297540468073904,-0.7866918797243052,0.00000000000000000000000000000000000000000000000000000000000000000000000000000000000000000000000000000000000000000000000000003519718271339489
AVP_gene,AVP_gene,0.04303202537946864,-0.5990165406914101,0.0000000036873878727763476,0.06519655825975548,0.5990165406914101,0.0000000036873878727759286
ENSG00000135454,B4GALNT1,0.4381581389613785,-1.01393927239023,0,0.8848506325035008,1.01393927239023,0
ENSG00000132692,BCAN,2.78423057171358,1.398141053619281,0,1.0563703959996171,-1.398141053619281,0
ENSG00000176697,BDNF,0.07104992008248164,-1.3115299219427494,0.0000000000000000000000000000000000000000000000000000000000000000000000000000000000000000000000000000000000000000000000000000000000000000000000000000000000000000000000000000000000000000000000000000000000000000000003191968297766535,0.1763900243222933,1.3115299219427494,0.0000000000000000000000000000000000000000000000000000000000000000000000000000000000000000000000000000000000000000000000000000000000000000000000000000000000000000000000000000000000000000000000000000000000000000000003191968297765083
ENSG00000116985,BMP8B,0.1147181374397662,0.6390310367346612,0.00000000000000000000000000000000000000000000006762739828393001,0.07365998929546744,-0.6390310367346612,0.00000000000000000000000000000000000000000000006762739828353021
ENSG00000162670,BRINP3,1.0283407129416486,-0.8961211679980478,0.00000000000000000000000000000000000000000000000000000000000000000000000000000000000000000000000000000000000000000000000000000000000000000000000000000000000000000000000000000000000000000000000000000000000000000000000000000000000000000000000000000000000000000000000000000000000000000000000000000000000029567465352968535,1.9138176942544955,0.8961211679980478,0.00000000000000000000000000000000000000000000000000000000000000000000000000000000000000000000000000000000000000000000000000000000000000000000000000000000000000000000000000000000000000000000000000000000000000000000000000000000000000000000000000000000000000000000000000000000000000000000000000000000000029567465352968535
ENSG00000151136,BTBD11,0.7900486457309186,-0.9960498328580751,0,1.575799947314143,0.9960498328580751,0
ENSG00000165985,C1QL3,0.28323266852364637,-0.6846168678395168,0.0000000000000000000000000000000000000000000000000000000000000000000000000000000003013520534928607,0.4552503364273497,0.6846168678395168,0.0000000000000000000000000000000000000000000000000000000000000000000000000000000003013520534928607
ENSG00000143110,C1orf162,0.106676670840173,1.0384029881336123,0.0000000000000000000000000000000000000000000000000000000000000000000000000000000000000000000000000000000000000000000000000002870283251650789,0.051927803208882274,-1.0384029881336123,0.0000000000000000000000000000000000000000000000000000000000000000000000000000000000000000000000000000000000000000000000000002870283251650789
ENSG00000188674,C2orf80,1.0525923511359914,-0.8073627690671424,0.000000000000000000000000000000000000000000000000000000000000000000000000000000000000000000000000000000000000000000000000000000000000000000000000000000000000000000000000000000000000000000000000000000000000000000000000000000000000000000000000000000024718992302771456,1.842062518082155,0.8073627690671424,0.000000000000000000000000000000000000000000000000000000000000000000000000000000000000000000000000000000000000000000000000000000000000000000000000000000000000000000000000000000000000000000000000000000000000000000000000000000000000000000000000000000024718992302771456
ENSG00000064989,CALCRL,0.3031073059106156,1.0262287728871415,0.00000000000000000000000000000000000000000000000000000000000000000000000000000000000000000000000000000000000000000000000000000000000000000000000000000000000000000000000000000000000000000000000000000000023127706969812356,0.1488135252442958,-1.0262287728871415,0.00000000000000000000000000000000000000000000000000000000000000000000000000000000000000000000000000000000000000000000000000000000000000000000000000000000000000000000000000000000000000000000000000000000023127706969812356
ENSG00000070808,CAMK2A,5.649842821229372,0.1333398118104796,0.00000000428715466962382,5.151047597008809,-0.1333398118104796,0.000000004287154669499046
ENSG00000042493,CAPG,0.3252467867386095,1.6428596086488527,0,0.10413699926549921,-1.6428596086488527,0
ENSG00000092529,CAPN3,0.14932698103295208,2.1720949890606294,0,0.033117773618003284,-2.1720949890606294,0
ENSG00000105974,CAV1,0.41070009319884354,3.139674917781012,0,0.04658133910192357,-3.139674917781012,0
ENSG00000187094,CCK,0.2606096817925123,-0.17946847660794885,0.0000002444380222006626,0.2951378060663234,0.17946847660794885,0.0000002444380221997759
ENSG00000275302,CCL4,0.029544755449771195,1.9979964023017338,0.0000000000000000000000000000000000000000000005906922227271895,0.007381150852117072,-1.9979964023017338,0.0000000000000000000000000000000000000000000005906922227271895
ENSG00000271503,CCL5,0.06954850701483607,3.150406204305958,0.000000000000000000000000000000000000000000000000000000000000000000000000000000000000000000000000000000000000000000000000000000000000012421049380495128,0.007814062925555023,-3.150406204305958,0.000000000000000000000000000000000000000000000000000000000000000000000000000000000000000000000000000000000000000000000000000000000000012421049380495128
ENSG00000133101,CCNA1,0.14423744521042475,-1.4470170791712562,0,0.39330061871837885,1.4470170791712562,0
ENSG00000157456,CCNB2,0.012698391877205707,-1.0546086365422127,0.000000000000000000000000000000000000007398982426058508,0.026407636479715037,1.0546086365422127,0.000000000000000000000000000000000000007398982426058508
ENSG00000170458,CD14,0.11232605560317835,1.1919051668142497,0.0000000000000000000000000000000000000000000000000000000000000000000000000000000000000000000000000000000000000000000000000000000000000000007712605219696679,0.04915716593887938,-1.1919051668142497,0.000000000000000000000000000000000000000000000000000000000000000000000000000000000000000000000000000000000000000000000000000000000000000000771260521968265
ENSG00000177575,CD163,0.055603178861111165,1.8396922156319562,0.0000000000000000000000000000000000000000000000000000000000000000000000000000000000000008042455564979876,0.015519897832750557,-1.8396922156319562,0.0000000000000000000000000000000000000000000000000000000000000000000000000000000000000008042455564979876
ENSG00000116824,CD2,0.0376625650867023,2.76581048907195,0.0000000000000000000000000000000000000000000000000000000000000000000000000000000000000000000000000009531708292286329,0.005519628936333881,-2.76581048907195,0.0000000000000000000000000000000000000000000000000000000000000000000000000000000000000000000000000009531708292286329
ENSG00000135218,CD36,0.0776154212935419,-1.9545875735703082,0,0.30091718224672004,1.9545875735703082,0
ENSG00000160654,CD3G,0.024862382493046044,2.7242017228866073,0.0000000000000000000000000000000000000000000000000000000000000000000000014942768588060591,0.0037446894352382797,-2.7242017228866073,0.0000000000000000000000000000000000000000000000000000000000000000000000014942768588060591
ENSG00000010610,CD4,0.6699864956774988,2.3610741448478847,0,0.13039311651951097,-2.3610741448478847,0
ENSG00000117091,CD48,0.09545424435150023,1.5351460327949344,0.000000000000000000000000000000000000000000000000000000000000000000000000000000000000000000000000000000000000000000000000000000000000000000000000000000000000011409403740281072,0.0329229631849562,-1.5351460327949344,0.000000000000000000000000000000000000000000000000000000000000000000000000000000000000000000000000000000000000000000000000000000000000000000000000000000000000011409403740348518
ENSG00000169442,CD52,0.015243159788469376,2.0528823181412825,0.000000000000000000000000000000000000000000006917218750718337,0.0036581070205506895,-2.0528823181412825,0.000000000000000000000000000000000000000000006917218750718337
ENSG00000129226,CD68,0.3525012510682434,1.9920699958648087,0,0.08859545582907676,-1.9920699958648087,0
ENSG00000112149,CD83,0.5316529120212057,-0.8458084975981434,0.0000000000000000000000000000000000000000000000000000000000000000000000000000000000000000000000000000000000000000000000000000000000000000000000000000000000000000000000000000000000000000000000000000000000000000000000000000000000000000000002962713794445882,0.9555451740959182,0.8458084975981434,0.0000000000000000000000000000000000000000000000000000000000000000000000000000000000000000000000000000000000000000000000000000000000000000000000000000000000000000000000000000000000000000000000000000000000000000000000000000000000000000000002962713794338099
ENSG00000114013,CD86,0.1580809826476991,2.6033077220135854,0,0.02599637000994898,-2.6033077220135854,0
ENSG00000039068,CDH1,0.08433360857927799,2.3602916433675865,0.000000000000000000000000000000000000000000000000000000000000000000000000000000000000000000000000000000000000000000000000000000000000000000000000000000000000000000000000000000000000000000000000000000000000000000000000000000000000000000000000000000000000000000000000000000024593213437217155,0.016407367583298357,-2.3602916433675865,0.000000000000000000000000000000000000000000000000000000000000000000000000000000000000000000000000000000000000000000000000000000000000000000000000000000000000000000000000000000000000000000000000000000000000000000000000000000000000000000000000000000000000000000000000000000024593213437217155
ENSG00000154162,CDH12,0.1333712862293289,-1.2530923606603868,0.000000000000000000000000000000000000000000000000000000000000000000000000000000000000000000000000000000000000000000000000000000000000000000000000000000000000000000000000000000000000000000000000000000000000000000000000000000000000000000000000000000000000000000000000000000000000000000000000000000000000000000000002777989340896,0.3179306267328315,1.2530923606603868,0.000000000000000000000000000000000000000000000000000000000000000000000000000000000000000000000000000000000000000000000000000000000000000000000000000000000000000000000000000000000000000000000000000000000000000000000000000000000000000000000000000000000000000000000000000000000000000000000000000000000000000000000002777989340945
ENSG00000140945,CDH13,0.891941152897916,-1.4710479244817318,0,2.4727071810628907,1.4710479244817318,0
ENSG00000179242,CDH4,0.5338414124248925,-0.5497182488808907,0.00000000000000000000000000000000000000000000000000000000000000000000000000000000000000000000000006480963756814332,0.7814495837628461,0.5497182488808907,0.00000000000000000000000000000000000000000000000000000000000000000000000000000000000000000000000006480963756896855
ENSG00000113361,CDH6,0.6883088246385971,0.37301299993381054,0.000000000000000000000000000000019063903589652668,0.5314861525597729,-0.37301299993381054,0.000000000000000000000000000000019063903589791375
ENSG00000170312,CDK1,0.012113095257615064,1.4378130622892886,0.00000000000000000000000000009420843063999469,0.004458994356410899,-1.4378130622892886,0.00000000000000000000000000009420843063999469
ENSG00000048740,CELF2,3.7198399419687806,0.2775880899881664,0.00000000000000000000000000000000014907073193766993,3.0687405237722625,-0.2775880899881664,0.0000000000000000000000000000000001490707319398413
ENSG00000103888,CEMIP,0.212513568269629,0.8414003825050984,0.0000000000000000000000000000000000000000000000000010788112502660986,0.11859626251832679,-0.8414003825050984,0.0000000000000000000000000000000000000000000000000010788112502665891
ENSG00000135048,CEMIP2,0.34183867352004865,1.3560011033200767,0.0000000000000000000000000000000000000000000000000000000000000000000000000000000000000000000000000000000000000000000000000000000000000000000000000000000000000000000000000000000000000000000000000000000000000000000000000000000000000000000000000000000000000000000000000000000000000000003008714198107614,0.1335317290519361,-1.3560011033200767,0.00000000000000000000000000000000000000000000000000000000000000000000000000000000000000000000000000000000000000000000000000000000000000000000000000000000000000000000000000000000000000000000000000000000000000000000000000000000000000000000000000000000000000000000000000000000000000000030087141981185595
ENSG00000117724,CENPF,0.04328650217059501,0.19415531154741306,0.0018483689082218473,0.03783651521847695,-0.19415531154741306,0.0018483689082218473
ENSG00000089199,CHGB,3.4552095268764718,-2.143743407811857,0,15.26885212136389,2.143743407811857,0
ENSG00000154645,CHODL,0.3001808228126624,-2.0046107917353244,0,1.2046427811521154,2.0046107917353244,0
ENSG00000013297,CLDN11,0.7843229179305754,2.5171376385355146,0,0.13699502563943972,-2.5171376385355146,0
ENSG00000150656,CNDP1,1.063407614758862,2.540408471396675,0,0.1827754774055031,-2.540408471396675,0
ENSG00000184144,CNTN2,1.4216854889856738,0.30020482026128115,0.00000000000000000000000000002885643672072923,1.1545981454626884,-0.30020482026128115,0.00000000000000000000000000002885643672028307
ENSG00000154529,CNTNAP3B,0.6471090321552384,-0.523511613892214,0.0000000000000000000000000000000000000000000000000000000000000000000000000000000000000024225039847577955,0.9301981721961262,0.523511613892214,0.000000000000000000000000000000000000000000000000000000000000000000000000000000000000002422503984779828
ENSG00000111799,COL12A1,0.15937881428244358,0.3195793180744575,0.000000000000009967412000694617,0.12770906166419566,-0.3195793180744575,0.000000000000009967412000653823
ENSG00000188517,COL25A1,0.22477934960191986,-1.970648159858037,0,0.8810842974645906,1.970648159858037,0
ENSG00000102879,CORO1A,0.36390181131070465,0.28730882572813576,0.000000000000000000000654863902187605,0.2981898361840609,-0.28730882572813576,0.0000000000000000000006548639021971346
ENSG00000147571,CRH,0.04478791523824057,-2.2050468634378926,0.00000000000000000000000000000000000000000000000000000000000000000000000000000000000000000000000000000000000000000000000000000000000000000000000000000000000000000000000000000000000000000000000000000000000000000000018447644963019474,0.2066072870482623,2.2050468634378926,0.00000000000000000000000000000000000000000000000000000000000000000000000000000000000000000000000000000000000000000000000000000000000000000000000000000000000000000000000000000000000000000000000000000000000000000000018447644963019474
ENSG00000145708,CRHBP,0.1601422446558227,-1.0531109056790757,0.000000000000000000000000000000000000000000000000000000000000000000000000000000000000000000000000000000030283101860217905,0.3323249531746434,1.0531109056790757,0.00000000000000000000000000000000000000000000000000000000000000000000000000000000000000000000000000000003028310186025922
ENSG00000106113,CRHR2,0.05084446286704811,-1.969684685709538,0,0.19922613619614524,1.969684685709538,0
ENSG00000103316,CRYM,0.4738357850772951,-0.8844700346632219,0.00000000000000000000000000000000000000000000000000000000000000000000000000000000000000000000000000000000000000000000000030657747111127837,0.8747637811923965,0.8844700346632219,0.00000000000000000000000000000000000000000000000000000000000000000000000000000000000000000000000000000000000000000000000030657747111127837
ENSG00000173546,CSPG4,0.2014183801765194,0.9360829473870296,0.000000000000000000000000000000000000000000000000000000000000000000000000000000000000000000000000000000000000000000000000000000000000000000038732621547320706,0.10526257065643789,-0.9360829473870296,0.00000000000000000000000000000000000000000000000000000000000000000000000000000000000000000000000000000000000000000000000000000000000000000003873262154703888
ENSG00000183230,CTNNA3,0.17370585762285803,1.8412075833783654,0,0.04846450662137866,-1.8412075833783654,0
ENSG00000103811,CTSH,1.1305640399371102,2.1807830445059575,0,0.2493357086965881,-2.1807830445059575,0
ENSG00000163131,CTSS,0.44360394229148276,1.6518890780802038,0,0.14115098154444405,-1.6518890780802038,0
ENSG00000111249,CUX2,0.12543161034618625,-0.33818040529106064,0.000000000000000000027599536455912984,0.1585756925003216,0.33818040529106064,0.00000000000000000002759953645601339
ENSG00000168329,CX3CR1,1.9516843018645582,2.225182755682315,0,0.41739217560520087,-2.225182755682315,0
ENSG00000145824,CXCL14,0.72095819694011,1.274568008692698,0,0.29799502575101383,-1.274568008692698,0
ENSG00000121966,CXCR4,0.18016956811746776,2.5566056271310034,0,0.030606883592063164,-2.5566056271310034,0
ENSG00000137869,CYP19A1,0.0318350465699085,-0.42123865032776386,0.000000000002276941733105546,0.042641839233638214,0.42123865032776386,0.000000000002276941733109688
ENSG00000095596,CYP26A1,0.040385466751754424,-0.8339899572150316,0.0000000000000000000000000000000000000000000000012035432531952475,0.07201492341640321,0.8339899572150316,0.000000000000000000000000000000000000000000000001203543253189501
ENSG00000003137,CYP26B1,0.11079919485642015,-0.5054311369647859,0.00000000000000000000000000000000000000031587902145942673,0.15729860188367964,0.5054311369647859,0.00000000000000000000000000000000000000031587902146172506
ENSG00000115165,CYTIP,0.11441276529041455,2.2020386498060054,0,0.02484915301533841,-2.2020386498060054,0
ENSG00000187323,DCC,0.42001394375406853,-1.3798382785934122,0,1.0930813398271555,1.3798382785934122,0
ENSG00000011465,DCN,1.4186826628503828,2.4775572171106646,0,0.25470381840721873,-2.4775572171106646,0
ENSG00000181418,DDN,1.2274688019980307,0.7055558119933276,0.000000000000000000000000000000000000000000000000000000000000000000000000000000000000000000000000000000000000000000000000000000000000000000000000000010413810616202217,0.7526825764828942,-0.7055558119933276,0.000000000000000000000000000000000000000000000000000000000000000000000000000000000000000000000000000000000000000000000000000000000000000000000000000010413810616126448
ENSG00000162733,DDR2,0.7808365858921441,1.4060031077361508,0,0.29463995718186975,-1.4060031077361508,0
ENSG00000132535,DLG4,8.703055361163523,-0.6468949179770553,0.0000000000000000000000000000000000000000000000000000000000000000000000000000000000000000000000000000000000000000000000000000000000000000000000000000000000000000000000000000000000000000015739166281662916,13.62716295647249,0.6468949179770553,0.0000000000000000000000000000000000000000000000000000000000000000000000000000000000000000000000000000000000000000000000000000000000000000000000000000000000000000000000000000000000000000015739166281405251
ENSG00000187957,DNER,4.4966557945611285,-0.8805089115538816,0,8.278447706731914,0.8805089115538816,0
ENSG00000149927,DOC2A,0.6001326165133111,-1.0474735549851937,0,1.240444609625434,1.0474735549851937,0
ENSG00000133665,DYDC2,0.11031568895328005,-0.36782968769842794,0.00000000000000000000006885948547511251,0.1423631353500703,0.36782968769842794,0.00000000000000000000006885948547511251
ENSG00000171551,ECEL1,0.8039176308473056,-2.1970604635518463,0,3.6863978245498594,2.1970604635518463,0
ENSG00000115468,EFHD1,2.4457000964781743,1.649232805024626,0,0.7796962898654224,-1.649232805024626,0
ENSG00000146648,EGFR,1.9389095669500147,2.4043834559155792,0,0.366221968524835,-2.4043834559155792,0
ENSG00000126767,ELK1,0.9469335874603239,0.13449796606792508,0.00000004154103519237031,0.8626422431361339,-0.13449796606792508,0.00000004154103519169025
ENSG00000197977,ELOVL2,0.3490912620671501,1.263740954737469,0,0.14537187426046408,-1.263740954737469,0
ENSG00000165675,ENOX2,0.2951421823483603,-0.9690064641552156,0.000000000000000000000000000000000000000000000000000000000000000000000000000000000000000000000000000000000000000000000000000000000000000000000000000000000000000000000000000000000000000000000000000000000000000000000000000000000000000000000000000000017963031071937804,0.5777644532102899,0.9690064641552156,0.000000000000000000000000000000000000000000000000000000000000000000000000000000000000000000000000000000000000000000000000000000000000000000000000000000000000000000000000000000000000000000000000000000000000000000000000000000000000000000000000000000017963031071937804
ENSG00000065361,ERBB3,0.5027952439074757,1.9438218360113781,0,0.13067450936724564,-1.9438218360113781,0
ENSG00000136541,ERMN,2.268507906816885,2.0581898476180003,0,0.5446899707996304,-2.0581898476180003,0
ENSG00000091831,ESR1,0.2177303424877195,-2.0161845370181415,0,0.8808245502205279,2.0161845370181415,0
ENSG00000112319,EYA4,0.01544674122137047,0.7466724570008507,0.000000002723572408579467,0.009199381560556467,-0.7466724570008507,0.000000002723572408579467
ENSG00000170231,FABP6,0.7034247460315034,-0.2787419962641793,0.000000000000000000000000000421048479954798,0.8533562791608899,0.2787419962641793,0.0000000000000000000000000004210484799517344
ENSG00000117560,FASLG,0.01099339737665905,1.8318064417314384,0.000000000000000000000000286620940184085,0.003073675721409455,-1.8318064417314384,0.000000000000000000000000286620940184085
ENSG00000077942,FBLN1,0.6131363805398684,2.4105223773391926,0,0.11530613076019836,-2.4105223773391926,0
ENSG00000158869,FCER1G,0.40459265021181073,1.7048675196016594,0,0.12409424585098877,-1.7048675196016594,0
ENSG00000150337,FCGR1A,0.35725996706230645,2.5073810223483646,0,0.06281554185584674,-2.5073810223483646,0
ENSG00000203747,FCGR3A,0.4571675552585181,2.04732860648747,0,0.11058738915972469,-2.04732860648747,0
ENSG00000128610,FEZF1,2.841004343813873,-0.04448835127467343,0.08585587482738444,2.929970558631727,0.04448835127467343,0.08585587482769579
ENSG00000066468,FGFR2,1.400589363001298,1.5083593871995982,0,0.4923076099136383,-1.5083593871995982,0
ENSG00000068078,FGFR3,3.642275416033464,2.353559048978715,0,0.7126382096898837,-2.353559048978715,0
ENSG00000118407,FILIP1,0.18342687104388525,0.2666540064371268,0.0000000000014507272409153815,0.15247163226484647,-0.2666540064371268,0.0000000000014507272409206593
ENSG00000102755,FLT1,1.8228681501963913,3.7726083398775114,0,0.13335856422256093,-3.7726083398775114,0
ENSG00000170345,FOS,1.7353535817280337,2.0205164272091154,0,0.42769548295302406,-2.0205164272091154,0
ENSG00000170324,FRMPD2,0.866162653956815,1.241786002023081,0,0.36624361412850687,-1.241786002023081,0
ENSG00000053108,FSTL4,0.2299452284617851,-0.4273326179424253,0.000000000000000000000000000000000000000000005292416361778197,0.3092290940567287,0.4273326179424253,0.00000000000000000000000000000000000000000000529241636173969
ENSG00000186297,GABRA5,1.1667506396352796,-0.9482879103257668,0.00000000000000000000000000000000000000000000000000000000000000000000000000000000000000000000000000000000000000000000000000000000000000000000000000000000000000000000000000000000000000000000000000000000000000000000000000000000000000000000000000000000000000000000000000000000000000000000000000000000000000000000000057734415466,2.251359237914066,0.9482879103257668,0.00000000000000000000000000000000000000000000000000000000000000000000000000000000000000000000000000000000000000000000000000000000000000000000000000000000000000000000000000000000000000000000000000000000000000000000000000000000000000000000000000000000000000000000000000000000000000000000000000000000000000000000000057734415466
ENSG00000102287,GABRE,0.75213160385309,-2.7479018660058583,0,5.052495163490659,2.7479018660058583,0
ENSG00000268089,GABRQ,0.81727766238144,-2.1752803915151677,0,3.691506187016427,2.1752803915151677,0
ENSG00000128683,GAD1,1.9094157068584687,-1.8811823274472381,0,7.0338904324088185,1.8811823274472381,0
ENSG00000136750,GAD2,1.325366023544344,-0.9330716579484261,0.00000000000000000000000000000000000000000000000000000000000000000000000000000000000000000000000000000000000000000000000000000000000000000000000000000000000000000000000000000000000000000000000000000000000000000000000000000000000000000000000000000000000000000000000000000000000000000000000000000000005578560524692303,2.530587525281545,0.9330716579484261,0.00000000000000000000000000000000000000000000000000000000000000000000000000000000000000000000000000000000000000000000000000000000000000000000000000000000000000000000000000000000000000000000000000000000000000000000000000000000000000000000000000000000000000000000000000000000000000000000000000000000005578560524692303
ENSG00000069482,GAL,0.3394720393625734,-1.7824887626114259,0,1.1679101917209054,1.7824887626114259,0
ENSG00000139354,GAS2L3,0.020485381685672533,1.4576380406455396,0.0000000000000000000000000000000000000000022420795478465536,0.0074460876631327645,-1.4576380406455396,0.0000000000000000000000000000000000000000022420795478465536
ENSG00000266524,GDF10,0.21437124884485145,-0.3579435925430934,0.0000000000000000000000000021203672167020325,0.2747476474073959,0.3579435925430934,0.0000000000000000000000000021203672167020325
ENSG00000145990,GFOD1,1.6814045020092439,-0.7345439640532372,0.00000000000000000000000000000000000000000000000000000000000000000000000000000000000000000000000000000000000000000000000000000000000000000000000000000000000000000000000000000000000000000000000000000000000000000000000023587241414081058,2.797650983385417,0.7345439640532372,0.00000000000000000000000000000000000000000000000000000000000000000000000000000000000000000000000000000000000000000000000000000000000000000000000000000000000000000000000000000000000000000000000000000000000000000000000023587241414810445
ENSG00000118702,GHRH,0.10550607760099172,-2.0637011079112924,0.0000000000000000000000000000000000000000000000000000000000000000000000000000000000000000000000000000000000000000000000000000000000000000000000000000000000000000000000000000000000000000000000000000000000000000000000000000000000000000000000000000000004892351208034736,0.44115904843694437,2.0637011079112924,0.0000000000000000000000000000000000000000000000000000000000000000000000000000000000000000000000000000000000000000000000000000000000000000000000000000000000000000000000000000000000000000000000000000000000000000000000000000000000000000000000000000000004892351208034736
ENSG00000152661,GJA1,19.647567746247198,2.0766370625903168,0,4.657744289326263,-2.0766370625903168,0
ENSG00000101958,GLRA2,0.556922457380054,-1.820499966950886,0,1.9671308160983794,1.820499966950886,0
ENSG00000145451,GLRA3,0.6828630213084929,-1.8877307635575735,0,2.527016000675682,1.8877307635575735,0
ENSG00000115523,GNLY,0.022775672805809836,1.4005645496183607,0.000000000000007296076615050676,0.008614950261415233,-1.4005645496183607,0.000000000000007296076615050676
ENSG00000164850,GPER1,0.3425766562143151,3.451317662563832,0,0.03129954290956389,-3.451317662563832,0
ENSG00000136235,GPNMB,0.19625250131665414,1.1717578914485731,0.000000000000000000000000000000000000000000000000000000000000000000000000000000000000000000000000000000000000000000000000000000000000000000000000000000000000000004805304837621061,0.08710190917571582,-1.1717578914485731,0.000000000000000000000000000000000000000000000000000000000000000000000000000000000000000000000000000000000000000000000000000000000000000000000000000000000000000004805304837625431
ENSG00000169508,GPR183,0.11637223658208758,2.5223304946113716,0,0.020238639433224227,-2.5223304946113716,0
ENSG00000171659,GPR34,0.5737179255943942,2.2104745555597356,0,0.1239427266252855,-2.2104745555597356,0
ENSG00000169840,GSX1,0.034532500555847986,-1.6599162259658846,0.00000000000000000000000000000000000000000000000000000000000000000000000000000000000000000000000000000000000000000000000000000000000000000000000000000000000000000000000000000000000000000000000000000000000000000000000000000005697475485482257,0.10918042492105134,1.6599162259658846,0.00000000000000000000000000000000000000000000000000000000000000000000000000000000000000000000000000000000000000000000000000000000000000000000000000000000000000000000000000000000000000000000000000000000000000000000000000000005697475485495211
ENSG00000145649,GZMA,0.026541929314480066,2.729979099836675,0.0000000000000000000000000000000000000000000000000000000000000000000000011950044456549146,0.0039827910756291525,-2.729979099836675,0.0000000000000000000000000000000000000000000000000000000000000000000000011950044456549146
ENSG00000161610,HCRT,0.6968083494622178,0.7091986965906827,0.000000000000000000000000000000000000000000000000010490863394529454,0.42620193629966313,-0.7091986965906827,0.0000000000000000000000000000000000000000000000000104908633945056
ENSG00000114315,HES1,0.9479514946248293,2.7003801138426256,0,0.14582643193757394,-2.7003801138426256,0
ENSG00000010282,HHATL,0.5213974973388131,2.5924683102377393,0,0.086430895461887,-2.5924683102377393,0
ENSG00000135245,HILPDA,0.29618553719197843,0.15658755430847804,0.00000017774828077704563,0.26572143067621457,-0.15658755430847804,0.00000017774828077704563
ENSG00000242574,HLA-DMB,0.37061999859644074,2.4384204230639406,0,0.06835681639585253,-2.4384204230639406,0
ENSG00000196735,HLA-DQA1,0.16619879228463022,2.482597350526698,0,0.029719413841515364,-2.482597350526698,0
ENSG00000196639,HRH1,0.15665591261739145,-0.9167314224123786,0.0000000000000000000000000000000000000000000000000000000000000000000000000000000000000000000000000000000000000000000000000000000000000000000000000000000000000000002288572291352237,0.2957655285728084,0.9167314224123786,0.0000000000000000000000000000000000000000000000000000000000000000000000000000000000000000000000000000000000000000000000000000000000000000000000000000000000000000002288572291352237
ENSG00000101180,HRH3,0.9188139020408603,-0.37351487048158083,0.00000000000000000000000000000000000000000000000003568935325417582,1.1903350371249912,0.37351487048158083,0.00000000000000000000000000000000000000000000000003568935325391615
ENSG00000122254,HS3ST2,0.09084821443211298,-1.3190956411049077,0.0000000000000000000000000000000000000000000000000000000000000000000000000000000000000000000000000000000000000000000000000000000000000000000000000000000000000000000000000000000000000000000000000000000000000000000000000000000000000000000000000000000022340723991636092,0.22671605285945515,1.3190956411049077,0.0000000000000000000000000000000000000000000000000000000000000000000000000000000000000000000000000000000000000000000000000000000000000000000000000000000000000000000000000000000000000000000000000000000000000000000000000000000000000000000000000000000022340723991737688
ENSG00000182601,HS3ST4,1.451026663002544,-0.45065167105122494,0.00000000000000000000000000000000000000000000000000000000000000000000000010041445200934278,1.983061980400896,0.45065167105122494,0.0000000000000000000000000000000000000000000000000000000000000000000000001004144520080642
ENSG00000171004,HS6ST2,0.5432061583383427,-1.5456756453399012,0,1.5858867986252474,1.5456756453399012,0
ENSG00000102468,HTR2A,0.18640424950006373,-1.2885825346880022,0,0.45540185565305297,1.2885825346880022,0
ENSG00000147246,HTR2C,0.32934386307574404,-1.9207928084093704,0,1.2470681643490347,1.9207928084093704,0
ENSG00000105376,ICAM5,0.02114702134260109,0.6765064392315434,0.000000000000000016514144888738286,0.013225463843529415,-0.6765064392315434,0.000000000000000016514144888738286
ENSG00000138413,IDH1,1.0007808764626631,0.5496804621036058,0.000000000000000000000000000000000000000000000000000000000000000000000000000000000000000000000000000000000000036591430920664445,0.6836980375805567,-0.5496804621036058,0.000000000000000000000000000000000000000000000000000000000000000000000000000000000000000000000000000000000000036591430920664445
ENSG00000182054,IDH2,5.514588406745708,1.3973986147336444,0,2.093389622316558,-1.3973986147336444,0
ENSG00000131203,IDO1,0.011120635772222233,0.32174109620105806,0.007991916084034809,0.008896343109149902,-0.32174109620105806,0.007991916084034809
ENSG00000142089,IFITM3,1.8079812579154988,2.5378839781018576,0,0.31130707200923086,-2.5378839781018576,0
ENSG00000146674,IGFBP3,0.3199536694831811,-1.9243082560675475,0,1.2144698852191569,1.9243082560675475,0
ENSG00000141753,IGFBP4,0.40441451645802223,0.6821354011301459,0.00000000000000000000000000000000000000000000000000000000000000000000000000000000000000000007123313506535067,0.2520414091555753,-0.6821354011301459,0.00000000000000000000000000000000000000000000000000000000000000000000000000000000000000000007123313506586894
ENSG00000115461,IGFBP5,1.378246300740403,0.05533972895136313,0.03856941886882984,1.3263776562028675,-0.05533972895136313,0.038569418869076076
ENSG00000115604,IL18R1,0.017177183401029764,1.5153929273417805,0.0000000000000000000000000000000000000005169450871207133,0.005995832217115627,-1.5153929273417805,0.0000000000000000000000000000000000000005169450871207133
ENSG00000168685,IL7R,0.028399609889702544,1.4046717238795425,0.00000000000000006028798747772526,0.010714573817589296,-1.4046717238795425,0.00000000000000006028798747772526
ENSG00000077943,ITGA8,0.1778283816391052,0.30453557675850007,0.0000000016153300750372199,0.14398655562546264,-0.30453557675850007,0.0000000016153300750342817
ENSG00000169896,ITGAM,0.4548772641383808,2.285049430425608,0,0.09331419742955042,-2.285049430425608,0
ENSG00000140678,ITGAX,0.6881052432056961,2.7441230761641666,0,0.10268674381948208,-2.7441230761641666,0
ENSG00000160255,ITGB2,0.3935992528351517,2.321920402410293,0,0.07870341495101957,-2.321920402410293,0
ENSG00000140015,KCNH5,0.23668886342663384,-1.1973548873427975,0,0.5428068032801754,1.1973548873427975,0
ENSG00000157404,KIT,0.30030806120822556,-0.6302393827777482,0.0000000000000000000000000000000000000000000000000000000000000000000000000000004419388911241712,0.4648393388540003,0.6302393827777482,0.0000000000000000000000000000000000000000000000000000000000000000000000000000004419388911241712
ENSG00000127528,KLF2,0.20915447462676096,3.120734140963056,0,0.024026620075806304,-3.120734140963056,0
ENSG00000136826,KLF4,0.062372261505072524,2.4819705720506304,0.000000000000000000000000000000000000000000000000000000000000000000000000000000000000000000000000000000000000000000000000000000000000000000000000000000000000000000000000000000000000000000035936162972061473,0.011147485891027249,-2.4819705720506304,0.000000000000000000000000000000000000000000000000000000000000000000000000000000000000000000000000000000000000000000000000000000000000000000000000000000000000000000000000000000000000000000035936162972061473
ENSG00000167755,KLK6,0.04135247855803462,2.624441700583893,0.000000000000000000000000000000000000000000000000000000000000000000000000000000000000000000000000000000000000000000000000000000000000000000000000000000000000000000000000000000000000000000000000000000027202620962342044,0.006688491534616349,-2.624441700583893,0.000000000000000000000000000000000000000000000000000000000000000000000000000000000000000000000000000000000000000000000000000000000000000000000000000000000000000000000000000000000000000000000000000000027202620962342044
ENSG00000111796,KLRB1,0.041174344804246164,1.7522347767831192,0.00000000000000000000000000000000000000000000000000000005164645021019213,0.01220812047095023,-1.7522347767831192,0.00000000000000000000000000000000000000000000000000000005164645021019213
ENSG00000111057,KRT18,0.6744652872013228,-0.9086681965517265,0.0000000000000000000000000000000000000000000000000000000000000000000000000000000000000000000000000000000000000000000000000000000000000000000000000000000000000000000000000000000000000000000000000000000000000000000000000000000000000000000000000000000000000000000000000000000000000000000000000005045247071800403,1.266202877994992,0.9086681965517265,0.0000000000000000000000000000000000000000000000000000000000000000000000000000000000000000000000000000000000000000000000000000000000000000000000000000000000000000000000000000000000000000000000000000000000000000000000000000000000000000000000000000000000000000000000000000000000000000000000000005045247071736162
ENSG00000170421,KRT8,4.364709578362107,1.2491340716927397,0,1.8362182050907427,-1.2491340716927397,0
ENSG00000196569,LAMA2,0.327384391784071,3.1576609791060357,0,0.03666765262019448,-3.1576609791060357,0
ENSG00000125869,LAMP5,0.8187790754490855,-0.4078166650436385,0.00000000000000000000000000000000000000000000000005532534027000849,1.0862629746705077,0.4078166650436385,0.00000000000000000000000000000000000000000000000005532534026990786
ENSG00000283071,LBHD2,0.009008478405873387,0.6390405877173748,0.0000006835083466649003,0.005779376180396651,-0.6390405877173748,0.0000006835083466649003
ENSG00000116678,LEPR,0.24109131191312,-0.1767404568781461,0.00000012988133792714016,0.2725181502291904,0.1767404568781461,0.0000001298813379280861
ENSG00000106852,LHX6,0.08140712548132477,0.6660308060758195,0.00000000000000000000000000000000000002510027451546116,0.05130008070239724,-0.6660308060758195,0.00000000000000000000000000000000000002510027451551823
ENSG00000223485,LINC01615,0.06316113955756426,-0.4406900549295423,0.0000000000000000000002944509214579313,0.08573823614438628,0.4406900549295423,0.00000000000000000000029445092145886863
ENSG00000254968,LINC02763,0.04695096796281469,-0.5370366407065328,0.000000000000000000000000026500200077634424,0.06814036035913355,0.5370366407065328,0.000000000000000000000000026500200077634424
ENSG00000113083,LOX,0.032242209435710684,-0.6578787509138548,0.0000000000000000000000000011030575793075076,0.05088881423263119,0.6578787509138548,0.0000000000000000000000000011030575793095142
ENSG00000154237,LRRK1,0.15054846963035864,1.6086540122209798,0.000000000000000000000000000000000000000000000000000000000000000000000000000000000000000000000000000000000000000000000000000000000000000000000000000000000000000000000000000000000000000000000000000000000000000000000000000000000000000000000000000000000000000000000000000000000000000000000000000000000000000000000000000187870646,0.04935197637192646,-1.6086540122209798,0.000000000000000000000000000000000000000000000000000000000000000000000000000000000000000000000000000000000000000000000000000000000000000000000000000000000000000000000000000000000000000000000000000000000000000000000000000000000000000000000000000000000000000000000000000000000000000000000000000000000000000000000000000187870646
ENSG00000188906,LRRK2,0.26188206574814415,0.5179546794599941,0.0000000000000000000000000000000000000000000000000000000000002087903026512126,0.18288370542386256,-0.5179546794599941,0.0000000000000000000000000000000000000000000000000000000000002087903026512126
ENSG00000112799,LY86,0.15803008728947385,1.9706524572881716,0,0.04030411403707328,-1.9706524572881716,0
ENSG00000187123,LYPD6,0.3647670324005343,-0.48413890540285587,0.0000000000000000000000000000000000000000000000000000000000001912518657213077,0.5102301697539695,0.48413890540285587,0.00000000000000000000000000000000000000000000000000000000000019125186572113377
ENSG00000150556,LYPD6B,0.05186237003155357,-1.9418848171789982,0,0.19933436421450473,1.9418848171789982,0
ENSG00000133800,LYVE1,0.3053975970307529,3.0753579657542796,0,0.03621309494308463,-3.0753579657542796,0
ENSG00000105695,MAG,0.5662108602561663,2.7730389325126086,0,0.08281607964868011,-2.7730389325126086,0
ENSG00000172005,MAL,1.0570711426598154,2.1245858654908867,0,0.242387469917909,-2.1245858654908867,0
ENSG00000111885,MAN1A1,0.3932175376484621,-0.45248478671229775,0.0000000000000000000000000000000000000000000000000000000043115298115095364,0.5380880616797017,0.45248478671229775,0.0000000000000000000000000000000000000000000000000000000043115298115095364
ENSG00000124089,MC3R,0.09850796584501663,-1.6788904619175238,0,0.3154630279142352,1.6788904619175238,0
ENSG00000166603,MC4R,0.09792266922542597,-1.2507401750163751,0.0000000000000000000000000000000000000000000000000000000000000000000000000000000000000000000000000000000000000000000000000000000000000000000000000000000000000000000000000000000000000000000000000000000000000000000000000000000000000000000000000012762578240335766,0.23305821473532115,1.2507401750163751,0.0000000000000000000000000000000000000000000000000000000000000000000000000000000000000000000000000000000000000000000000000000000000000000000000000000000000000000000000000000000000000000000000000000000000000000000000000000000000000000000000000012762578240289336
ENSG00000140563,MCTP2,0.11711021927635404,-1.0998995182720668,0.000000000000000000000000000000000000000000000000000000000000000000000000000000000000000000000000000000000000000000000000000000000000000000000000000000000000003880482783087391,0.25104571138666804,1.0998995182720668,0.000000000000000000000000000000000000000000000000000000000000000000000000000000000000000000000000000000000000000000000000000000000000000000000000000000000000003880482783087391
ENSG00000134138,MEIS2,0.522313613786868,1.2819134333797284,0,0.2147893252362396,-1.2819134333797284,0
ENSG00000152595,MEPE,0.023615446216526847,0.6132090861366555,0.00000000003383517696066137,0.015433315418062967,-0.6132090861366555,0.00000000003383517696066137
ENSG00000008394,MGST1,2.1178576464700756,1.5065539565448458,0,0.7453663624417929,-1.5065539565448458,0
ENSG00000148773,MKI67,0.015497636579595743,-0.6184787573310171,0.00000000000019921119528066137,0.02381016403908733,0.6184787573310171,0.00000000000019921119528066137
ENSG00000168314,MOBP,2.8994576627355992,1.7806511625919161,0,0.8438755047525986,-1.7806511625919161,0
ENSG00000204655,MOG,0.8644067640980431,2.51286491492946,0,0.1514326432885954,-2.51286491492946,0
ENSG00000110077,MS4A6A,0.1613891809323419,2.540223643997232,0,0.027728018303700787,-2.540223643997232,0
ENSG00000125148,MT2A,0.0889905338568905,1.7249983675741527,0.00000000000000000000000000000000000000000000000000000000000000000000000000000000000000000000000000000000000000000000000000000000000000000000000000000000000000000000000000000000000000000000000000000000000000000000000000000000000000000000000000000000000000000000000000000000000000000000002106248369107141,0.02690548536416868,-1.7249983675741527,0.0000000000000000000000000000000000000000000000000000000000000000000000000000000000000000000000000000000000000000000000000000000000000000000000000000000000000000000000000000000000000000000000000000000000000000000000000000000000000000000000000000000000000000000000000000000000000000000000210624836910331
ENSG00000041515,MYO16,0.6398309959290243,-0.8031710018709157,0.00000000000000000000000000000000000000000000000000000000000000000000000000000000000000000000000000000000000000000000000000000000000000000000000000000000000000000000000000000000000000000000000000000000000000013994636768955661,1.1164802373964766,0.8031710018709157,0.00000000000000000000000000000000000000000000000000000000000000000000000000000000000000000000000000000000000000000000000000000000000000000000000000000000000000000000000000000000000000000000000000000000000000013994636768752012
ENSG00000167306,MYO5B,0.08606405075893728,-0.8139474439235075,0.0000000000000000000000000000000000000000000000000000000000000000000000000000000000000000009510090883335791,0.1513244152702359,0.8139474439235075,0.0000000000000000000000000000000000000000000000000000000000000000000000000000000000000000009510090883335791
ENSG00000124920,MYRF,0.5807923803877072,2.4067969257831505,0,0.1095051089761298,-2.4067969257831505,0
ENSG00000186487,MYT1L,1.9694467818851786,-1.0934272924467692,0,4.202429016087898,1.0934272924467692,0
ENSG00000263155,MYZAP,0.07720825842773972,-0.01844542593845233,0.6821161456425997,0.07820556606656592,0.01844542593845233,0.6821161456429166
ENSG00000162736,NCSTN,0.5344012613653705,0.2406167477731177,0.000000000000000000031876540142049793,0.45230653432797163,-0.2406167477731177,0.000000000000000000031876540142108004
ENSG00000138653,NDST4,0.08161070691422587,-1.5159593282725368,0.00000000000000000000000000000000000000000000000000000000000000000000000000000000000000000000000000000000000000000000000000000000000000000000000000000000000000000000000000000000000000000000000000000000000000000000000000000000000000000000000000000000000000000000000000000000000000000000000000042658085501935855,0.2334478356014153,1.5159593282725368,0.00000000000000000000000000000000000000000000000000000000000000000000000000000000000000000000000000000000000000000000000000000000000000000000000000000000000000000000000000000000000000000000000000000000000000000000000000000000000000000000000000000000000000000000000000000000000000000000000000042658085501935855
ENSG00000103154,NECAB2,1.279203933634021,-0.7159613867991059,0.0000000000000000000000000000000000000000000000000000000000000000000000000000000000000000000000000000000000000000000000000000000000000000000000000000000000000000000000000000000000000000000000000000000000013185540728108627,2.1012036852421128,0.7159613867991059,0.0000000000000000000000000000000000000000000000000000000000000000000000000000000000000000000000000000000000000000000000000000000000000000000000000000000000000000000000000000000000000000000000000000000000013185540727916753
ENSG00000132688,NES,0.7378554558709008,1.7759601657514326,0,0.2154386933463965,-1.7759601657514326,0
ENSG00000105374,NKG7,0.019391131483829156,2.5995404449886843,0.0000000000000000000000000000000000000000000000017664720152215665,0.003181903739768943,-2.5995404449886843,0.0000000000000000000000000000000000000000000000017664720152215665
ENSG00000053438,NNAT,4.5394333431494704,-0.3425460783644789,0.000000000000000000000000000000000000000000000006329201421052976,5.755955637223658,0.3425460783644789,0.000000000000000000000000000000000000000000000006329201420960874
ENSG00000148400,NOTCH1,2.1072459642801062,2.476694426339922,0,0.3785599626178166,-2.476694426339922,0
ENSG00000056291,NPFFR2,0.07662296180814906,-1.6915865717482563,0.0000000000000000000000000000000000000000000000000000000000000000000000000000000000000000000000000000000000000000000000000000000000000000000000000000000000000000000000000000000000000000000000000000000000000000000000000000000000000000000000000000000000000000000000000000000000000000000000000000000000000000011528220351712482,0.2475607691954925,1.6915865717482563,0.0000000000000000000000000000000000000000000000000000000000000000000000000000000000000000000000000000000000000000000000000000000000000000000000000000000000000000000000000000000000000000000000000000000000000000000000000000000000000000000000000000000000000000000000000000000000000000000000000000000000000000011528220351712482
ENSG00000168743,NPNT,0.17105929899514383,-0.643645769600472,0.000000000000000000000000000000000000000000000000000000000000000000000000000046504833440966204,0.2672582685369193,0.643645769600472,0.0000000000000000000000000000000000000000000000000000000000000000000000000000465048334409239
ENSG00000164128,NPY1R,0.4760497331600945,-1.799480932171344,0,1.657165771516806,1.799480932171344,0
ENSG00000185149,NPY2R,0.11988401629963144,-1.318891607662057,0.00000000000000000000000000000000000000000000000000000000000000000000000000000000000000000000000000000000000000000000000000000000000000000000000000000000000000000000000000000000000000000000000000000000000000000000000000000000000000000000000000000000000000040415339980110396,0.29912059714195255,1.318891607662057,0.000000000000000000000000000000000000000000000000000000000000000000000000000000000000000000000000000000000000000000000000000000000000000000000000000000000000000000000000000000000000000000000000000000000000000000000000000000000000000000000000000000000000000404153399803677
ENSG00000185551,NR2F2,1.2436026305554424,0.5468835316724024,0.000000000000000000000000000000000000000000000000000000000000000000000000000000000000000000000000000000009839544386970194,0.8512350100010438,-0.5468835316724024,0.000000000000000000000000000000000000000000000000000000000000000000000000000000000000000000000000000000009839544387167071
ENSG00000153234,NR4A2,0.10481899026495052,-0.7121313218688603,0.000000000000000000000000000000000000000000000000000006004398455159481,0.17173621953283533,0.7121313218688603,0.000000000000000000000000000000000000000000000000000006004398455159481
ENSG00000136931,NR5A1,0.2831563254863084,-0.7306443826277211,0.00000000000000000000000000000000000000000000000000000000000000000000000000000000000000000000000000000000000000000026987251519397496,0.46988276450955246,0.7306443826277211,0.00000000000000000000000000000000000000000000000000000000000000000000000000000000000000000000000000000000000000000026987251519422043
ENSG00000154146,NRGN,2.9071428618276154,-0.14724790094302698,0.0000000051646586240796625,3.219523798950701,0.14724790094302698,0.000000005164658624042085
ENSG00000099250,NRP1,0.626750888865129,-0.6632078613260624,0.0000000000000000000000000000000000000000000000000000000000000000000000000000000000000000000000000000000000000000000000000000000005753470931749103,0.9925375107711912,0.6632078613260624,0.00000000000000000000000000000000000000000000000000000000000000000000000000000000000000000000000000000000000000000000000000000000057534709316967755
ENSG00000162631,NTNG1,0.6715896994615949,-0.4969144139135205,0.00000000000000000000000000000000000000000000000000000000000000000000000000000000000662823784624574,0.9477527567740351,0.4969144139135205,0.000000000000000000000000000000000000000000000000000000000000000000000000000000000006628237846137229
ENSG00000196358,NTNG2,0.5294898592966316,1.6575802279749134,0,0.16781836526822186,-1.6575802279749134,0
ENSG00000140538,NTRK3,2.3240347426406585,0.1052682772377369,0.000004988977901726354,2.1604909936994403,-0.1052682772377369,0.000004988977901798953
ENSG00000174145,NWD2,0.09944952997218418,-1.321550413313636,0.000000000000000000000000000000000000000000000000000000000000000000000000000000000000000000000000000000000000000000000000000000000000000000000000000000000000000000000000000000000000000000000000000000000000000000000000000000000000000000000000032809118590359505,0.2485997581717436,1.321550413313636,0.000000000000000000000000000000000000000000000000000000000000000000000000000000000000000000000000000000000000000000000000000000000000000000000000000000000000000000000000000000000000000000000000000000000000000000000000000000000000000000000000032809118590031267
ENSG00000144227,NXPH2,0.027178121292295982,-0.9212451566917119,0.000000000000000000000000000000000000000000000000003365963444668202,0.051494891135444316,0.9212451566917119,0.000000000000000000000000000000000000000000000000003365963444667436
ENSG00000184221,OLIG1,5.345870294228927,0.9912108334232421,0,2.689249800196554,-0.9912108334232421,0
ENSG00000205927,OLIG2,1.8070396937883313,1.2215374997311446,0,0.7748909658502611,-1.2215374997311446,0
ENSG00000197430,OPALIN,1.015286053556866,2.1224848579251248,0,0.23314479715000871,-2.1224848579251248,0
ENSG00000165899,OTOGL,0.026541929314480066,0.2020160995285627,0.004278650014661927,0.02307421351424281,-0.2020160995285627,0.004278650014660966
ENSG00000180914,OXTR,0.7298139892713076,1.701640288987671,0,0.22435668205921833,-1.701640288987671,0
OXT_gene,OXT_gene,0.16286514632087482,0.779833193524123,0.000000000000000000000008944046121994129,0.09485103529025515,-0.779833193524123,0.000000000000000000000008944046121976842
ENSG00000169313,P2RY12,2.0864297627659694,2.1128943032582512,0,0.4823289866208936,-2.1128943032582512,0
ENSG00000181631,P2RY13,0.5568970097009412,2.684603875403771,0,0.08660406029126218,-2.684603875403771,0
ENSG00000007372,PAX6,0.5450129435553399,2.054888633351931,0,0.13115071264802738,-2.054888633351931,0
ENSG00000165194,PCDH19,1.0739684015906061,-1.1975309592551031,0,2.4631398242399123,1.1975309592551031,0
ENSG00000169851,PCDH7,2.0989500208893865,-0.7968088511277682,0.00000000000000000000000000000000000000000000000000000000000000000000000000000000000000000000000000000000000000000000000000000000000000000000000000000000000000000000000000000000000000000000000000000000000000000000000000000000000000000000000000000000000005458868607577537,3.6464183945678648,0.7968088511277682,0.00000000000000000000000000000000000000000000000000000000000000000000000000000000000000000000000000000000000000000000000000000000000000000000000000000000000000000000000000000000000000000000000000000000000000000000000000000000000000000000000000000000000005458868607577537
ENSG00000186472,PCLO,1.3798240568453866,-1.2272995271134715,0,3.2305847024270404,1.2272995271134715,0
ENSG00000132646,PCNA,0.5254436783177223,-0.21514513207803576,0.00000000000000010418910458775527,0.6099514658704016,0.21514513207803576,0.0000000000000001041891045887036
ENSG00000183036,PCP4,2.6995661433058378,0.11208092940757286,0.0000021985452801190714,2.497772790114948,-0.11208092940757286,0.0000021985452801190637
ENSG00000175426,PCSK1,0.44500356464267776,-1.4746559177221525,0,1.2367865026048834,1.4746559177221525,0
ENSG00000140479,PCSK6,0.5348847672685105,1.5124451555650753,0,0.18747257340230486,-1.5124451555650753,0
ENSG00000170962,PDGFD,0.19765212366784915,-1.617232813709197,0,0.6064232324718823,1.617232813709197,0
ENSG00000134853,PDGFRA,1.9910773091309197,0.9641278825121924,0.0000000000000000000000000000000000000000000000000000000000000000000000000000000000000000000000000000000000000000000000000000000000000000000000000000000000000000000000000000000000000000000000000000000000000000000000000000000000000000000000000000000000000015358213766568147,1.0205902131299704,-0.9641278825121924,0.000000000000000000000000000000000000000000000000000000000000000000000000000000000000000000000000000000000000000000000000000000000000000000000000000000000000000000000000000000000000000000000000000000000000000000000000000000000000000000000000000000000000001535821376655418
ENSG00000261371,PECAM1,0.7323333095034587,2.696072962802736,0,0.11299005116730532,-2.696072962802736,0
ENSG00000242265,PEG10,14.30421677225042,-0.9150261973082685,0,26.97200230425242,0.9150261973082685,0
ENSG00000144824,PHLDB2,0.49887630132412963,2.9344462983996076,0,0.06523984946709928,-2.9344462983996076,0
ENSG00000138193,PLCE1,0.27860119092514646,0.07796391648720058,0.02241403827518314,0.263946491175119,-0.07796391648720058,0.022414038274918332
ENSG00000114805,PLCH1,0.2938189030345032,-0.7187856972906495,0.000000000000000000000000000000000000000000000000000000000000000000000000000000000000000000000000000000000000000000000018631697977985413,0.4835844316338636,0.7187856972906495,0.000000000000000000000000000000000000000000000000000000000000000000000000000000000000000000000000000000000000000000000018631697977680394
ENSG00000180287,PLD5,0.40212422533788494,-0.9786635601294063,0.00000000000000000000000000000000000000000000000000000000000000000000000000000000000000000000000000000000000000000000000000000000000000000000000000000000000000000000000000000000000000000000000000000000000000000000000000000000000000000000000000000000000000000000000000000000000000004602650898893372,0.7924671960318419,0.9786635601294063,0.00000000000000000000000000000000000000000000000000000000000000000000000000000000000000000000000000000000000000000000000000000000000000000000000000000000000000000000000000000000000000000000000000000000000000000000000000000000000000000000000000000000000000000000000000000000000000004602650898951977
ENSG00000115138,POMC,0.6027028321036874,-0.8184123152146263,0.00000000000000000000000000000000000000000000000000000000000000000000000000000000000000000000000000000000000017873491378479945,1.0628640771011864,0.8184123152146263,0.0000000000000000000000000000000000000000000000000000000000000000000000000000000000000000000000000000000000001787349137854497
ENSG00000133110,POSTN,0.012240333653178247,0.05888105876272487,0.6188259051104058,0.011753562793840381,-0.05888105876272487,0.6188259051104058
ENSG00000106536,POU6F2,0.07224596100077556,0.1510206256011446,0.0013743697395836548,0.0650666846377241,-0.1510206256011446,0.0013743697395836453
ENSG00000169618,PROKR1,0.09199335999218163,-0.5791345285304548,0.00000000000000000000000000000000000000000000005741351719189662,0.13744958331654958,0.5791345285304548,0.00000000000000000000000000000000000000000000005741351719207937
ENSG00000117707,PROX1,0.6356321288754392,-0.4560008437536525,0.00000000000000000000000000000000000000000000000000000000000000034608297834449794,0.871928207111378,0.4560008437536525,0.00000000000000000000000000000000000000000000000000000000000000034608297834009126
ENSG00000080815,PSEN1,0.836745136902607,0.6486968272080386,0.0000000000000000000000000000000000000000000000000000000000000000000000000000000000000000000000000000000000000000000000000000000000000000000000000014707902468675122,0.5337156497379784,-0.6486968272080386,0.00000000000000000000000000000000000000000000000000000000000000000000000000000000000000000000000000000000000000000000000000000000000000000000000000147079024689159
ENSG00000143801,PSEN2,0.2751403065658279,-0.5917255495302691,0.00000000000000000000000000000000000000000000000000000000000000000000000000000000000000000000000033958214308541086,0.41466482954254175,0.5917255495302691,0.0000000000000000000000000000000000000000000000000000000000000000000000000000000000000000000000003395821430829401
ENSG00000205155,PSENEN,0.38395458245146236,-0.526597375275539,0.00000000000000000000000000000000000000000000000000000000000000000000000000000000000003599031768398568,0.5531101106279986,0.526597375275539,0.000000000000000000000000000000000000000000000000000000000000000000000000000000000000035990317683920216
ENSG00000244694,PTCHD4,0.16090567502920178,-0.5047424075139544,0.000000000000000000000000000000000000000000000000024228447274061557,0.22831782753117558,0.5047424075139544,0.00000000000000000000000000000000000000000000000002422844727395138
ENSG00000107317,PTGDS,22.722843423972,1.7656805986690327,0,6.682474056795562,-1.7656805986690327,0
ENSG00000081237,PTPRC,0.38171518668955035,2.585115976865922,0,0.06359478358803507,-2.585115976865922,0
ENSG00000054356,PTPRN,2.4733362759944977,-1.682969586941436,0,7.941620467993515,1.682969586941436,0
ENSG00000106278,PTPRZ1,6.559062948244769,1.1547699306319485,0,2.9459017229342437,-1.1547699306319485,0
ENSG00000100362,PVALB,0.014072566549288089,0.7849543056112189,0.000000013994886274231417,0.008160392584305384,-0.7849543056112189,0.000000013994886274231417
ENSG00000241945,PWP2,0.4385144064689554,-0.2869335774147227,0.0000000000000000000000000007602857621020211,0.5350143859582922,0.2869335774147227,0.0000000000000000000000000007602857621061699
ENSG00000169213,RAB3B,1.8318511809231521,-0.38861088778124575,0.00000000000000000000000000000000000000000000000000000000000008134407955406258,2.3981380764132036,0.38861088778124575,0.00000000000000000000000000000000000000000000000000000000000008134407955302683
ENSG00000172575,RASGRP1,0.2732062829532675,0.32626839175966404,0.00000000000000000000011896879962222278,0.21790629216499283,-0.32626839175966404,0.00000000000000000000011896879962146538
ENSG00000078328,RBFOX1,1.3104027882261136,-0.4745962287431766,0.000000000000000000000000000000000000000000000000000000000000000000000000000000000002015334450509717,1.8208498264836954,0.4745962287431766,0.00000000000000000000000000000000000000000000000000000000000000000000000000000000000201533445048039
ENSG00000121039,RDH10,0.33346638709199117,0.19907974656022787,0.00000000013060839165275253,0.2904840012768654,-0.19907974656022787,0.00000000013060839165370327
ENSG00000189056,RELN,0.34267844693076566,-1.6292507972721868,0,1.0601367310385272,1.6292507972721868,0
ENSG00000131378,RFTN1,0.6338762390166672,-0.3925788672934028,0.00000000000000000000000000000000000000000000010994449244612957,0.8321219419587583,0.3925788672934028,0.00000000000000000000000000000000000000000000010994449244553117
ENSG00000148908,RGS10,0.3757095344189681,1.935825355453675,0,0.09818445825572737,-1.935825355453675,0
ENSG00000143333,RGS16,0.35071991353035886,-1.0820323087155115,0.0000000000000000000000000000000000000000000000000000000000000000000000000000000000000000000000000000000000000000000000000000000000000000000000000000000000000000000000000000000000000000000000000000000000000000000000000000000000000000000007158496508992884,0.7425091427571023,1.0820323087155115,0.0000000000000000000000000000000000000000000000000000000000000000000000000000000000000000000000000000000000000000000000000000000000000000000000000000000000000000000000000000000000000000000000000000000000000000000000000000000000000000000007158496509044968
ENSG00000152214,RIT2,0.51663878134475,-1.02838912562668,0,1.0538378603700052,1.02838912562668,0
ENSG00000026297,RNASET2,1.8124600494393228,0.9368318212967152,0.000000000000000000000000000000000000000000000000000000000000000000000000000000000000000000000000000000000000000000000000000000000000000000000000000000000000000000000000000000000000000000000000000000000000000000000000000000000000000000000000000000000000000000000000000000000000000000012117349752614802,0.9467787046087998,-0.9368318212967152,0.000000000000000000000000000000000000000000000000000000000000000000000000000000000000000000000000000000000000000000000000000000000000000000000000000000000000000000000000000000000000000000000000000000000000000000000000000000000000000000000000000000000000000000000000000000000000000000012117349752725009
ENSG00000137393,RNF144B,0.25325530252896034,2.6347870423558932,0,0.040758671714183126,-2.6347870423558932,0
ENSG00000176641,RNF152,0.776434137405658,-0.11322533986599315,0.000010303443430042786,0.8398277768659538,0.11322533986599315,0.000010303443429949077
ENSG00000198963,RORB,0.7703775897768504,-0.6895168670006648,0.0000000000000000000000000000000000000000000000000000000000000000000000000000000000000000000000000000000000000000000000000000000000000000000000000010199576863418741,1.2424360051632486,0.6895168670006648,0.0000000000000000000000000000000000000000000000000000000000000000000000000000000000000000000000000000000000000000000000000000000000000000000000000010199576863437294
ENSG00000047936,ROS1,0.004377000807373511,0.2086511727825311,0.21246671221780764,0.0037879806425820746,-0.2086511727825311,0.21246671221780764
ENSG00000083750,RRAGB,0.7849591099083914,-0.6340375767319835,0.00000000000000000000000000000000000000000000000000000000000000000000000000000000000000000000000000000000000000000000000000000000000000000000000000004961141344086057,1.2181929290507234,0.6340375767319835,0.00000000000000000000000000000000000000000000000000000000000000000000000000000000000000000000000000000000000000000000000000000000000000000000000000004961141344013863
ENSG00000147655,RSPO2,0.15762292442367165,-1.9455243102566135,0,0.6072024742040706,1.9455243102566135,0
ENSG00000171509,RXFP1,0.034099890010933165,-0.8777958835828268,0.00000000000000000000000000000000000000000000000000017013705448044485,0.06268566823381537,0.8777958835828268,0.00000000000000000000000000000000000000000000000000017013705448164407
ENSG00000143171,RXRG,0.9766055813056582,-0.6102882123816978,0.0000000000000000000000000000000000000000000000000000000000000000000000000000000000000000000000000000000000000000000000000000000000000024045753756009743,1.490862598505617,0.6102882123816978,0.0000000000000000000000000000000000000000000000000000000000000000000000000000000000000000000000000000000000000000000000000000000000000024045753756009743
ENSG00000198838,RYR3,0.8733388994665785,1.4858343072184383,0,0.3118049208936845,-1.4858343072184383,0
ENSG00000196154,S100A4,0.2014947232138573,1.4832506468258204,0.00000000000000000000000000000000000000000000000000000000000000000000000000000000000000000000000000000000000000000000000000000000000000000000000000000000000000000000000000000000000000000000000000000000000000000008058002974599138,0.07205821462374701,-1.4832506468258204,0.0000000000000000000000000000000000000000000000000000000000000000000000000000000000000000000000000000000000000000000000000000000000000000000000000000000000000000000000000000000000000000000000000000000000000000000805800297452585
ENSG00000203727,SAMD5,0.36107711892920197,-0.5363201569835219,0.0000000000000000000000000000000000000000000000000000000000000000000000000000000002296716868119142,0.523672089634218,0.5363201569835219,0.00000000000000000000000000000000000000000000000000000000000000000000000000000000022967168681003421
ENSG00000146555,SDK1,0.11163896826713715,-0.20393051564911824,0.00000009525653102005725,0.12859653141474348,0.20393051564911824,0.00000009525653102105423
ENSG00000112902,SEMA5A,1.05605323549531,0.157843582313595,0.0000000003403798002569338,0.9466055397794245,-0.157843582313595,0.00000000034037980025136024
ENSG00000196136,SERPINA3,0.6967320064248799,1.953656628270658,0,0.17985332090979692,-1.953656628270658,0
ENSG00000145423,SFRP2,0.09352022073893983,-0.2815502540825765,0.000000000024708834244973035,0.11368271048480603,0.2815502540825765,0.000000000024708834244871912
ENSG00000251322,SHANK3,3.337437667943189,0.48171006224474744,0.000000000000000000000000000000000000000000000000000000000000000000000000000000000000000000000976342981296555,2.3900209750362422,-0.48171006224474744,0.0000000000000000000000000000000000000000000000000000000000000000000000000000000000000000000009763429813107627
ENSG00000145642,SHISAL2B,0.09318940091047555,-0.7377044976844878,0.000000000000000000000000000000000000000000000000000000000000000000000000000030945152602088744,0.15541543436422456,0.7377044976844878,0.00000000000000000000000000000000000000000000000000000000000000000000000000003094515260242648
ENSG00000145248,SLC10A4,0.1446955034344522,-1.4292033263423078,0,0.38970744850884387,1.4292033263423078,0
ENSG00000091664,SLC17A6,1.2298608838346186,-1.8814232144639969,0,4.531333963882381,1.8814232144639969,0
ENSG00000104888,SLC17A7,0.46289328305886135,3.046769894686018,0,0.055997176699199014,-3.046769894686018,0
ENSG00000185052,SLC24A3,0.8220363783755029,-1.2428487962100954,0,1.9455068580301536,1.2428487962100954,0
ENSG00000091137,SLC26A4,0.014148909586625999,-0.4442935403987871,0.0000004987148979148282,0.01926458726798884,0.4442935403987871,0.0000004987148979148282
ENSG00000142319,SLC6A3,0.009670118062801943,0.1311447183346761,0.2535759515870864,0.008831406298134208,-0.1311447183346761,0.2535759515870864
ENSG00000184347,SLIT3,0.39283582246177257,-0.33080084156801015,0.000000000000000000000000008193027506169315,0.49408254941473395,0.33080084156801015,0.000000000000000000000000008193027506288484
ENSG00000145335,SNCA,3.19190239109802,-0.2531925918400877,0.000000000000000000000000008686790326481512,3.8042364909396698,0.2531925918400877,0.00000000000000000000000000868679032646571
ENSG00000173267,SNCG,1.159981556991318,0.27298292796974055,0.00000000000000000000000000003374751489213259,0.9600041684523292,-0.27298292796974055,0.00000000000000000000000000003374751489188704
ENSG00000168807,SNTB2,0.4084098020787062,0.4734824050253774,0.0000000000000000000000000000000000000000000000000000000000000008708797206631529,0.2941421082974161,-0.4734824050253774,0.0000000000000000000000000000000000000000000000000000000000000008708797206702815
ENSG00000108018,SORCS1,0.18612432502982473,-1.1834553498285116,0,0.42276028531583143,1.1834553498285116,0
ENSG00000100146,SOX10,1.3592114367641508,1.3684429319414035,0,0.5264210813005489,-1.3684429319414035,0
ENSG00000176887,SOX11,0.8582993211110103,-0.5673902862551168,0.00000000000000000000000000000000000000000000000000000000000000000000000000000000000000000000000000000000000000000000005316629823717261,1.2718740261570294,0.5673902862551168,0.00000000000000000000000000000000000000000000000000000000000000000000000000000000000000000000000000000000000000000000005316629823639893
ENSG00000181449,SOX2,2.036119701160287,1.4008394657877739,0,0.7710813396040072,-1.4008394657877739,0
ENSG00000124766,SOX4,0.8921192866517044,-0.7158510203717081,0.00000000000000000000000000000000000000000000000000000000000000000000000000000000000000000000000000000000000000000000000000000000000000000000000000000000000000000000000000000000000004142561789978747,1.4652774949654341,0.7158510203717081,0.000000000000000000000000000000000000000000000000000000000000000000000000000000000000000000000000000000000000000000000000000000000000000000000000000000000000000000000000000000000000041425617898657176
ENSG00000125398,SOX9,3.052856272426573,2.4826513537024324,0,0.5461835174529914,-2.4826513537024324,0
ENSG00000153820,SPHKAP,0.2898490650929319,-1.3107465325809078,0,0.7190669539804373,1.3107465325809078,0
ENSG00000066336,SPI1,0.38507428033241836,1.186465639920009,0.000000000000000000000000000000000000000000000000000000000000000000000000000000000000000000000000000000000000000000000000000000000000000000000000000000000000000000000000000000000000000000000000000000000000000000000000000000000000000000000000741028201146474,0.16918203829955142,-1.186465639920009,0.000000000000000000000000000000000000000000000000000000000000000000000000000000000000000000000000000000000000000000000000000000000000000000000000000000000000000000000000000000000000000000000000000000000000000000000000000000000000000000000000741028201146474
ENSG00000262655,SPON1,4.310276992740177,1.2284973553327563,0,1.8394434000378554,-1.2284973553327563,0
ENSG00000157005,SST,0.6101590020836899,-0.818776464632558,0.00000000000000000000000000000000000000000000000000000000000000000000000000000000000000000000000000000000000000000000000000001539639305438446,1.076284351377763,0.818776464632558,0.000000000000000000000000000000000000000000000000000000000000000000000000000000000000000000000000000000000000000000000000000015396393054328448
ENSG00000139874,SSTR1,0.6542598299858893,-1.2095347238718528,0,1.513092633476656,1.2095347238718528,0
ENSG00000180616,SSTR2,0.1572412092369821,-1.162460105732072,0.0000000000000000000000000000000000000000000000000000000000000000000000000000000000000000000000000000000000000000000000000000000000000000000000000000000000000000000000000000000000000000000000000000000000000000000000000000000000000000000000000000000000000000000000000000000000000000000000000005510160666061404,0.35200080691239827,1.162460105732072,0.0000000000000000000000000000000000000000000000000000000000000000000000000000000000000000000000000000000000000000000000000000000000000000000000000000000000000000000000000000000000000000000000000000000000000000000000000000000000000000000000000000000000000000000000000000000000000000000000000005510160666136577
ENSG00000147488,ST18,0.4768640588916989,0.8466760013353298,0.000000000000000000000000000000000000000000000000000000000000000000000000000000000000000000000000000000000000000000000000000000000000000000000000000000000000000002613938236625035,0.26515864498074526,-0.8466760013353298,0.0000000000000000000000000000000000000000000000000000000000000000000000000000000000000000000000000000000000000000000000000000000000000000000000000000000000000000026139382365679783
ENSG00000168610,STAT3,1.9707446135199231,0.23151845989682873,0.00000000000000000000002435991328309879,1.6785516279446409,-0.23151845989682873,0.00000000000000000000002435991328309879
ENSG00000152953,STK32B,0.28760966933101983,-0.35511982868149716,0.00000000000000000000000000000005183334413529987,0.3678886800075711,0.35511982868149716,0.00000000000000000000000000000005183334413487559
ENSG00000076944,STXBP2,0.24106586423400736,1.9493570711236736,0,0.0624042753860807,-1.9493570711236736,0
ENSG00000137573,SULF1,0.4517980949657518,-0.5418692772474151,0.00000000000000000000000000000000000000000000000000000000000000000000000000000021232974718381698,0.6577666043816234,0.5418692772474151,0.00000000000000000000000000000000000000000000000000000000000000000000000000000021232974718381698
ENSG00000163630,SYNPR,0.9314105032016154,-0.533600365363902,0.00000000000000000000000000000000000000000000000000000000000000000000000000000000000040385045794456245,1.3482613615151557,0.533600365363902,0.00000000000000000000000000000000000000000000000000000000000000000000000000000000000040385045794786814
ENSG00000006128,TAC1,0.6444879212066368,-1.5259890839891717,0,1.8560672236578728,1.5259890839891717,0
ENSG00000166863,TAC3,0.09494529076924749,-3.087081192208135,0,0.8070130416993571,3.087081192208135,0
ENSG00000115353,TACR1,0.0879471790132724,-0.8082940685843027,0.0000000000000000000000000000000000000000000000000000000000000000000000000000000000000000000000026541057205012514,0.15403011572922312,0.8082940685843027,0.0000000000000000000000000000000000000000000000000000000000000000000000000000000000000000000000026541057205205623
ENSG00000009694,TENM1,0.4090205463774095,-1.590042248100913,0,1.2314400384979247,1.590042248100913,0
ENSG00000135426,TESPA1,0.03511779717543863,1.4875326300519172,0.0000000000000000000000000000000000000000000000000000000000000039704693980835054,0.012511158922356795,-1.4875326300519172,0.0000000000000000000000000000000000000000000000000000000000000039704693980835054
ENSG00000105329,TGFB1,1.0151079198030775,0.9358530919660745,0.0000000000000000000000000000000000000000000000000000000000000000000000000000000000000000000000000000000000000000000000000000000000000000000000000000000000000000000000000000000000000000000000000000000000000000000000000000000000000000000000000000000000000000000000000000000000000000000023859858714290473,0.5306203284128971,-0.9358530919660745,0.0000000000000000000000000000000000000000000000000000000000000000000000000000000000000000000000000000000000000000000000000000000000000000000000000000000000000000000000000000000000000000000000000000000000000000000000000000000000000000000000000000000000000000000000000000000000000000000023859858714290473
ENSG00000092969,TGFB2,0.7552871160630569,1.2609839077098353,0,0.31513834385915673,-1.2609839077098353,0
ENSG00000120708,TGFBI,0.06812343698452841,1.9603989166774358,0.0000000000000000000000000000000000000000000000000000000000000000000000000000000000000000000000000000000000000000000000000000051326535013447714,0.017489647766893237,-1.9603989166774358,0.0000000000000000000000000000000000000000000000000000000000000000000000000000000000000000000000000000000000000000000000000000051326535013447714
ENSG00000137801,THBS1,0.147723777248856,-0.4587425842364321,0.0000000000000000000010980687147162549,0.2030357624423992,0.4587425842364321,0.0000000000000000000010980687147202497
ENSG00000172673,THEMIS,0.03557585539946609,2.240691315099128,0.0000000000000000000000000000000000000000000000000000000000000000000000000000032389012619072626,0.0075110244741484564,-2.240691315099128,0.0000000000000000000000000000000000000000000000000000000000000000000000000000032389012619072626
ENSG00000187720,THSD4,0.4112344944602089,0.8053536735759637,0.000000000000000000000000000000000000000000000000000000000000000000000000000000000000000000000000000000000000000000000000005208913198433986,0.23530935751719848,-0.8053536735759637,0.000000000000000000000000000000000000000000000000000000000000000000000000000000000000000000000000000000000000000000000000005208913198419774
ENSG00000144229,THSD7B,0.12868891327260373,-1.2136335660916184,0.000000000000000000000000000000000000000000000000000000000000000000000000000000000000000000000000000000000000000000000000000000000000000000000000000000000000000000000000000000000000000000000000000000000000000000000000000000000000000000000000000000000000000000000000000000380956400955806,0.2984928746354675,1.2136335660916184,0.00000000000000000000000000000000000000000000000000000000000000000000000000000000000000000000000000000000000000000000000000000000000000000000000000000000000000000000000000000000000000000000000000000000000000000000000000000000000000000000000000000000000000000000000000000038095640095615243
ENSG00000095587,TLL2,0.055145120637083704,-1.5380958151632456,0.00000000000000000000000000000000000000000000000000000000000000000000000000000000000000000000000000000000000000000000000000000000000000000000000000000000000000000000000000000000000000000000000000000000000000000000000000000000000000000000000000000000000000000000000000000000000000004374871492411815,0.16019911277571391,1.5380958151632456,0.00000000000000000000000000000000000000000000000000000000000000000000000000000000000000000000000000000000000000000000000000000000000000000000000000000000000000000000000000000000000000000000000000000000000000000000000000000000000000000000000000000000000000000000000000000000000000004374871492411815
ENSG00000181234,TMEM132C,0.5620628885608066,-0.6308010998591843,0.0000000000000000000000000000000000000000000000000000000000000000000000000000000000000000000000000000000000000000000000023987533578010443,0.8703264324396575,0.6308010998591843,0.0000000000000000000000000000000000000000000000000000000000000000000000000000000000000000000000000000000000000000000000023987533578010443
ENSG00000224982,TMEM233,0.06728366357381141,-0.8435428359320589,0.00000000000000000000000000000000000000000000000000000000000000000000000000000001215412267962851,0.12076082288551654,0.8435428359320589,0.00000000000000000000000000000000000000000000000000000000000000000000000000000001215412267959535
ENSG00000121933,TMIGD3,0.3962712591419785,2.037709352582183,0,0.09649610116931936,-2.037709352582183,0
ENSG00000100354,TNRC6B,1.3000964781854958,0.13050421691846079,0.000000032316330050223133,1.187650982269676,-0.13050421691846079,0.00000003231633004934127
ENSG00000131747,TOP2A,0.005471251009216888,0.5960246431678113,0.002634039132094657,0.003614815813206894,-0.5960246431678113,0.002634039132094657
ENSG00000141510,TP53,0.7888017094543994,2.0007403347108377,0,0.19708322143262738,-2.0007403347108377,0
ENSG00000139287,TPH2,0.03206407568192223,-0.6529261650175435,0.000000000000000000000000000024125837636700334,0.05043425655552134,0.6529261650175435,0.000000000000000000000000000024125837636700334
ENSG00000277734,TRAC,0.09614133168754141,1.3799960240153264,0.00000000000000000000000000000000000000000000000000000000000000000000000000000008733907189097003,0.036927399864257256,-1.3799960240153264,0.00000000000000000000000000000000000000000000000000000000000000000000000000000008733907189102961
ENSG00000095970,TREM2,0.1269330234138318,2.412081009220371,0,0.023831809642759223,-2.412081009220371,0
ENSG00000170893,TRH,0.2047520261402748,-0.818487715750766,0.000000000000000000000000000000000000000000000000000000000000000000000000000000000000001974403937859777,0.36111360605826714,0.818487715750766,0.000000000000000000000000000000000000000000000000000000000000000000000000000000000000001974403937859777
ENSG00000072657,TRHDE,0.08932135368535478,-0.06302061808864767,0.12575192192579043,0.09331419742955042,0.06302061808864767,0.12575192192527587
ENSG00000255690,TRIL,2.9039364542594233,1.8580729125250648,0,0.8010172094822415,-1.8580729125250648,0
ENSG00000072315,TRPC5,0.1525842839593696,-1.6341749422775225,0,0.47369239075580644,1.6341749422775225,0
ENSG00000137672,TRPC6,0.10866158981095866,-2.13905534154289,0,0.4787141708076867,2.13905534154289,0
ENSG00000182463,TSHZ2,0.8539477679827494,-0.5927541213009551,0.00000000000000000000000000000000000000000000000000000000000000000000000000000000000000000000000000000000000000000000000040251099989188546,1.2878701272705617,0.5927541213009551,0.00000000000000000000000000000000000000000000000000000000000000000000000000000000000000000000000000000000000000000000000040251099989188546
ENSG00000167614,TTYH1,6.548832981241489,1.9596000433586815,0,1.6836816360148805,-1.9596000433586815,0
ENSG00000174607,UGT8,1.2326092331787832,1.9568233368773185,0,0.3174977146593936,-1.9568233368773185,0
ENSG00000107731,UNC5B,0.3219131407748541,1.5421580270709767,0,0.110522452348709,-1.5421580270709767,0
ENSG00000038427,VCAN,1.1306658306535606,1.2828658528288845,0,0.4646661740246251,-1.2828658528288845,0
ENSG00000128564,VGF,0.3456049300287189,-2.0781545121188825,0,1.4594548275776937,2.0781545121188825,0
ENSG00000146469,VIP,0.1949801173610223,-0.9817118295706786,0.000000000000000000000000000000000000000000000000000055641871991729175,0.3850752893230578,0.9817118295706786,0.000000000000000000000000000000000000000000000000000055641871991729175
ENSG00000163032,VSNL1,8.03640251144978,-0.7578715209157867,0.00000000000000000000000000000000000000000000000000000000000000000000000000000000000000000000000000000000000000000000000000000000000000000000000000000000000000000000000000000000000000000000000000000000000000000000000000000000000000000000000004218346343379247,13.589477960479718,0.7578715209157867,0.00000000000000000000000000000000000000000000000000000000000000000000000000000000000000000000000000000000000000000000000000000000000000000000000000000000000000000000000000000000000000000000000000000000000000000000000000000000000000000000000004218346343379247
ENSG00000174453,VWC2L,0.21233543451584053,-1.6149744814723639,0,0.650450390340522,1.6149744814723639,0
ENSG00000156076,WIF1,0.6456585144458181,-0.24308298078099766,0.000000000000006130603835373786,0.7641547464289999,0.24308298078099766,0.000000000000006130603835373786
ENSG00000169064,ZBBX,0.07369647871019586,-0.8898543749994188,0.00000000000000000000000000000000000000000000000000000000000000000000000000000000000000000000000000000000000000000009808929132637921,0.13658375916967366,0.8898543749994188,0.00000000000000000000000000000000000000000000000000000000000000000000000000000000000000000000000000000000000000000009808929132673605
ENSG00000174460,ZCCHC12,7.901224440003453,-1.5857795729797894,0,23.717066297694497,1.5857795729797894,0
ENSG00000184307,ZDHHC23,0.039291216549911044,-0.5777637112628726,0.0000000000000000000000000001189262513510027,0.05865958595084241,0.5777637112628726,0.0000000000000000000000000001189262513512731
